"First Name","Last Name"
"Carlos","Cunningham"
"Isabella","Allen"
"Walter","Armstrong"
"Haris","Thompson"
"Alford","Spencer"
"Alisa","Murphy"
"Daisy","Henderson"
"James","Anderson"
"Violet","Morris"
"Albert","Cameron"
"Emily","Hill"
"Arnold","Kelly"
"Rubie","Perkins"
"Sabrina","Anderson"
"Sam","Thompson"
"Rafael","Foster"
"Alfred","Perry"
"Anna","Hawkins"
"Alford","Phillips"
"Hailey","Fowler"
"Aldus","Casey"
"Edith","Kelley"
"Alina","Holmes"
"Thomas","Harper"
"Lana","Hall"
"Rubie","Lloyd"
"Brooke","Andrews"
"Alford","Roberts"
"Paige","Hamilton"
"Lenny","Smith"
"Adelaide","Harris"
"Lyndon","Higgins"
"Jacob","Wright"
"Carina","Carroll"
"Sophia","Myers"
"Alina","Wright"
"Alexia","Gibson"
"Kelsey","Nelson"
"Melissa","Ferguson"
"James","Martin"
"Vincent","Owens"
"Alina","Johnston"
"Hailey","Hawkins"
"Kristian","Henderson"
"Agata","Wells"
"William","Parker"
"Florrie","Morgan"
"Jared","Harper"
"Victoria","Dixon"
"Alan","Lloyd"
"Audrey","Mason"
"Amelia","Ryan"
"Daniel","Davis"
"Savana","Robinson"
"Florrie","Wright"
"Tara","Cole"
"Adrianna","Tucker"
"Richard","Murray"
"Daryl","Tucker"
"Sydney","Anderson"
"Julian","Harper"
"Stuart","Barnes"
"Stuart","Hall"
"Miller","Warren"
"Melissa","Anderson"
"Clark","Gray"
"Haris","Nelson"
"Sydney","Owens"
"Vivian","Owens"
"Julian","Bennett"
"Evelyn","Mitchell"
"Oliver","Thompson"
"Vincent","Morgan"
"Elian","Ferguson"
"Michelle","Myers"
"Heather","Hill"
"Daryl","Hawkins"
"Roman","Crawford"
"Arthur","Murray"
"Aida","Phillips"
"Natalie","Gibson"
"Adele","Cooper"
"Nicole","Lloyd"
"Paul","Murphy"
"Sofia","Barrett"
"Edwin","Mason"
"Justin","Foster"
"Julia","Jones"
"Chester","Scott"
"Leonardo","Chapman"
"Adele","Smith"
"Alexander","Perkins"
"Anna","Casey"
"Amy","Dixon"
"Heather","Owens"
"Lenny","Carter"
"Alina","Thompson"
"Robert","Tucker"
"Stella","Gray"
"Jacob","Thompson"
"Lucas","Grant"
"Tara","Payne"
"Tara","Allen"
"Cadie","Wilson"
"Frederick","Kelly"
"Thomas","Nelson"
"Walter","Hawkins"
"Alberta","Johnson"
"Lyndon","Bailey"
"Jenna","Bailey"
"Alexia","Barnes"
"Daryl","Montgomery"
"Belinda","Stevens"
"Paul","Clark"
"Lyndon","Henderson"
"Joyce","Henderson"
"Victor","Allen"
"Kristian","Mason"
"Steven","Stevens"
"Roland","Robinson"
"Ted","Kelley"
"James","Martin"
"Harold","Myers"
"Victor","Andrews"
"Lilianna","Brown"
"Melanie","Gray"
"Dale","Wilson"
"Kimberly","Robinson"
"Michael","Ellis"
"Adison","Miller"
"Alberta","Morris"
"Sophia","West"
"Oliver","Fowler"
"Lucia","Foster"
"Lucy","Scott"
"Eleanor","Sullivan"
"Melissa","Clark"
"Catherine","Henderson"
"Kelvin","Smith"
"Jacob","Turner"
"Eleanor","Armstrong"
"Ellia","Gibson"
"Emily","Craig"
"Dominik","Harrison"
"Luke","Tucker"
"Caroline","Evans"
"Audrey","Hill"
"Mary","Brooks"
"Connie","Ryan"
"Eddy","Cole"
"Florrie","Morris"
"Kevin","Carroll"
"Alexia","Brown"
"Lydia","Perry"
"Maria","Hall"
"Adrianna","Armstrong"
"Owen","Martin"
"Paul","Ferguson"
"Ryan","Richards"
"Spike","Evans"
"Naomi","Moore"
"Albert","Morris"
"Violet","Robinson"
"Freddie","Harris"
"Harold","Douglas"
"Julian","Cameron"
"Isabella","Tucker"
"Daryl","Williams"
"Jared","Armstrong"
"Stuart","Morris"
"Savana","Craig"
"Charlie","Moore"
"Briony","Allen"
"Mary","Johnson"
"Adelaide","Stewart"
"Jasmine","Perkins"
"Deanna","Evans"
"Daryl","Alexander"
"George","Stewart"
"Miley","Tucker"
"Gianna","Hawkins"
"Alisa","Jones"
"Frederick","Morgan"
"Alan","Riley"
"Arnold","Mason"
"Joyce","Wells"
"Michael","Clark"
"Jenna","Stewart"
"Adison","Edwards"
"Thomas","Craig"
"Roman","Baker"
"Naomi","Henderson"
"Belinda","Walker"
"Spike","Gibson"
"Ryan","Dixon"
"Henry","Alexander"
"Garry","Morgan"
"Lily","Adams"
"Alisa","Miller"
"Alan","Rogers"
